{
  "accuracy": 0.7093637546895337,
  "f1_score": 0.5804597701149425,
  "auc": 0.7649651825567853,
  "params": {
    "class_weight": "balanced",
    "max_depth": 30,
    "min_samples_leaf": 1,
    "min_samples_split": 3,
    "n_estimators": 800
  }
}